Group,MAE,RMSE,MAPE,DriftFlag,SpendRelativeChange
Total,13863114.188433459,16969153.261002596,17.24241302016606,True,0.4058646752211313
